{"_runtime":136,"fairness_separation_plot":{"sha256":"fb0841544c2a22c60d6bddbb605401db357c72f6b5ad28e412f909f06c2dbe64","size":132782,"path":"media/images/fairness_separation_plot_65_fb0841544c2a22c60d6b.png","format":"png","width":1500,"height":750,"_type":"image-file"},"dynamic/SEX/landmark_33/separation":0.02095670602020854,"m_dynamic/AUC_SD":0.0028391345663839112,"fairness_plot/RACE":{"format":"png","width":1184,"height":734,"_type":"image-file","sha256":"c6b88da0203fffe39f4c8eae05713159e2efd145411079ac5c220fd740e99716","size":43528,"path":"media/images/fairness_plot/RACE_63_c6b88da0203fffe39f4c.png"},"dynamic/SEX/landmark_0/separation":0.041901958981610574,"m_dynamic/F1_Mean":0.1755187000246935,"auc_fairness/separation/M_STATIC":0.015373747531989376,"fairness_plot/SEX":{"height":730,"_type":"image-file","sha256":"be6ea548a0a429e34451e1193a92409a65ad5baf7ce89eb85a1623a76f975a66","size":40205,"path":"media/images/fairness_plot/SEX_62_be6ea548a0a429e34451.png","format":"png","width":1184},"dynamic/SEX/landmark_48/separation":0.002384672434195141,"m_dynamic/SEX/aggregate/separation":0.013524593257211566,"dynamic/SEX/landmark_36/separation":0.009495093039691517,"dynamic/SEX/landmark_15/separation":0.02468309110529756,"dynamic/SEX/landmark_3/separation":0.03387810906122267,"m_static/Brier_Mean":0.13171767225754893,"dynamic/SEX/landmark_30/separation":0.03545141268506892,"dynamic/SEX/landmark_24/separation":0.009388141403298259,"dynamic/SEX/landmark_6/separation":0.016172469552123217,"dynamic/SEX/landmark_21/separation":0.03777046002602447,"auc_fairness/separation/M_DYNAMIC":0.021055968825310092,"_step":65,"m_dynamic/AUC_Mean":0.7246414332661184,"m_dynamic/Brier_SD":0.006563269848741847,"m_static/AUC_Mean":0.7297286032945189,"fairness_plot/AGE":{"format":"png","width":1184,"height":740,"_type":"image-file","sha256":"126cd87cb855fa6d1c61a5d0d325eb119f3b9461f8c8bba99023ced8fe676416","size":45247,"path":"media/images/fairness_plot/AGE_64_126cd87cb855fa6d1c61.png"},"_timestamp":1.780301213652736e+09,"m_static/F1_SD":0.005435266208775113,"m_static/F1_Mean":0.2763341298074722,"m_dynamic/Brier_Mean":0.1333788198777943,"m_static/Brier_SD":0.005381436528156383,"dynamic/SEX/landmark_27/separation":0.01734051312679697,"dynamic/SEX/landmark_42/separation":0.0026378298322573997,"dynamic/SEX/landmark_12/separation":0.03553456648017579,"_wandb":{"runtime":136},"dynamic/SEX/landmark_45/separation":0.0033573993839495168,"dynamic/SEX/landmark_39/separation":0.007873701700827115,"m_static/AUC_SD":0.004862574580192572,"m_static/SEX/aggregate/separation":0.015373747531989376,"m_dynamic/F1_SD":0.004109429694520512,"dynamic/SEX/landmark_18/separation":0.038642340956381076,"dynamic/SEX/landmark_9/separation":0.021570351130754242}