{"fairness_separation_plot":{"_type":"image-file","sha256":"46b215c7232cbfbb5cfe0061a50854d19aa88e5b1062866611dc44b09664e69f","size":131464,"path":"media/images/fairness_separation_plot_67_46b215c7232cbfbb5cfe.png","format":"png","width":1500,"height":750},"dynamic/SEX/landmark_33/separation":0.024370558518916195,"feature_importance/M_DYNAMIC":{"sha256":"13d11a5726eac43da13bf3f2f3a2aa90de648157ae7f5fc2f960337601667426","size":59787,"path":"media/images/feature_importance/M_DYNAMIC_3_13d11a5726eac43da13b.png","format":"png","width":1500,"height":900,"_type":"image-file"},"m_static/AUC_SD":0.004862574580192572,"m_dynamic/F1_Mean":0.17534096867024695,"dynamic/SEX/landmark_45/separation":0.0037828429107421295,"dynamic/SEX/landmark_48/separation":0.0034514075603575218,"dynamic/SEX/landmark_24/separation":0.011214196253120902,"m_static/Brier_SD":0.005381436528156383,"dynamic/SEX/landmark_42/separation":0.004099751957876336,"m_static/F1_SD":0.005435266208775113,"dynamic/SEX/landmark_12/separation":0.045859723398475466,"dynamic/SEX/landmark_9/separation":0.03975663434826046,"dynamic/SEX/landmark_0/separation":0.04161782125292249,"_timestamp":1.7803017890870857e+09,"m_dynamic/Brier_Mean":0.12918714403524384,"m_static/AUC_Mean":0.7297286032945189,"dynamic/SEX/landmark_30/separation":0.039395866873310224,"m_dynamic/AUC_SD":0.002636556008169423,"dynamic/SEX/landmark_39/separation":0.004864221600465484,"m_static/SEX/aggregate/separation":0.015373747531989376,"dynamic/SEX/landmark_27/separation":0.004621701965940715,"m_static/Brier_Mean":0.13171767225754893,"m_dynamic/F1_SD":0.0032219299688076653,"auc_fairness/separation/M_STATIC":0.015373747531989376,"fairness_plot/SEX":{"size":41614,"path":"media/images/fairness_plot/SEX_64_9c4460084174ea37f422.png","format":"png","width":1184,"height":735,"_type":"image-file","sha256":"9c4460084174ea37f422222a00640ba55a00c7b9b09f7a3c692baa145edfc227"},"feature_importance/M_STATIC":{"height":900,"_type":"image-file","sha256":"0e1620b128d6242191f9c0a85954a20d581fa38df60b5342894998f593a19100","size":83634,"path":"media/images/feature_importance/M_STATIC_2_0e1620b128d6242191f9.png","format":"png","width":1500},"_runtime":162,"dynamic/SEX/landmark_3/separation":0.030224962780244308,"m_static/F1_Mean":0.2763341298074722,"auc_fairness/separation/M_DYNAMIC":0.02662573088592962,"m_dynamic/AUC_Mean":0.7258931999704121,"dynamic/SEX/landmark_6/separation":0.017873308570281576,"_step":67,"_wandb":{"runtime":162},"dynamic/SEX/landmark_36/separation":0.014772009902017727,"dynamic/SEX/landmark_15/separation":0.05454851178577749,"m_dynamic/SEX/aggregate/separation":0.023511236453036162,"fairness_plot/RACE":{"size":43452,"path":"media/images/fairness_plot/RACE_65_676b4ffde9fb4d8ea15f.png","format":"png","width":1184,"height":734,"_type":"image-file","sha256":"676b4ffde9fb4d8ea15f7d246e2711fb5220de53591387de501c736bc4984426"},"dynamic/SEX/landmark_21/separation":0.03840333783505903,"dynamic/SEX/landmark_18/separation":0.06968945107662107,"fairness_plot/AGE":{"height":740,"_type":"image-file","sha256":"6238a7d1e5dd772268aa7b9d1ce2411dc6fa44547fe1e3034c3a15eca0e07bb1","size":38464,"path":"media/images/fairness_plot/AGE_66_6238a7d1e5dd772268aa.png","format":"png","width":1184},"m_dynamic/Brier_SD":0.0061394716656536195}