{"dynamic/SEX/landmark_18/separation":0.03499458110925858,"dynamic/SEX/landmark_0/separation":0.04551470475535126,"m_static/AUC_SD":0.004862574580192572,"dynamic/SEX/landmark_24/separation":0.01179187393588814,"_runtime":150,"m_static/F1_SD":0.005435266208775113,"auc_fairness/separation/M_DYNAMIC":0.02085169714404044,"m_dynamic/Brier_SD":0.006563269848741847,"m_dynamic/AUC_SD":0.0028391345663839112,"dynamic/SEX/landmark_27/separation":0.01993917794289246,"_step":65,"fairness_plot/AGE":{"_type":"image-file","sha256":"d21e00eb2b9f63809ad8387951acafbae8235372ecae115e9ad27806632e786b","size":45245,"path":"media/images/fairness_plot/AGE_64_d21e00eb2b9f63809ad8.png","format":"png","width":1184,"height":740},"m_dynamic/Brier_Mean":0.1333788198777943,"m_static/AUC_Mean":0.7297286032945189,"_timestamp":1.7802433697430983e+09,"auc_fairness/separation/M_STATIC":0.015432517526211567,"dynamic/SEX/landmark_21/separation":0.04304861969682573,"fairness_plot/SEX":{"sha256":"b54c1470b3d96a55e627544d89378d4d59fd39663daf0779d965f92d70e080e8","size":40167,"path":"media/images/fairness_plot/SEX_62_b54c1470b3d96a55e627.png","format":"png","width":1184,"height":730,"_type":"image-file"},"dynamic/SEX/landmark_15/separation":0.020726751659380552,"m_dynamic/AUC_Mean":0.7246414332661184,"m_static/Brier_Mean":0.13171767225754893,"m_dynamic/F1_Mean":0.1755187000246935,"dynamic/SEX/landmark_33/separation":0.020345669471483786,"dynamic/SEX/landmark_9/separation":0.02445680464732436,"dynamic/SEX/landmark_30/separation":0.0347797396957028,"fairness_plot/RACE":{"format":"png","width":1184,"height":733,"_type":"image-file","sha256":"c03895aadc45ea320109da6e91f91f09ad4dc5473e13974de14e93d5596e964a","size":43689,"path":"media/images/fairness_plot/RACE_63_c03895aadc45ea320109.png"},"dynamic/SEX/landmark_3/separation":0.03220660562936781,"dynamic/SEX/landmark_42/separation":0.002716598933764515,"m_dynamic/F1_SD":0.004109429694520512,"m_static/Brier_SD":0.005381436528156383,"dynamic/SEX/landmark_6/separation":0.013890802574081929,"m_static/SEX/aggregate/separation":0.015432517526211567,"dynamic/SEX/landmark_36/separation":0.008902738795090365,"m_static/F1_Mean":0.2763341298074722,"dynamic/SEX/landmark_12/separation":0.03179624421311142,"dynamic/SEX/landmark_48/separation":0.002384672434195141,"fairness_separation_plot":{"width":1500,"height":750,"_type":"image-file","sha256":"cf6b29658f4c3e079fe1f3e00d1e9e4e8547b14937c560cedeb78d1f4b3c677a","size":132491,"path":"media/images/fairness_separation_plot_65_cf6b29658f4c3e079fe1.png","format":"png"},"dynamic/SEX/landmark_39/separation":0.0066627762707694976,"_wandb":{"runtime":150},"m_dynamic/SEX/aggregate/separation":0.013069403316789921,"dynamic/SEX/landmark_45/separation":0.00341848114188251}