{"m_dynamic/Brier_Mean":0.1333788198777943,"m_static/F1_SD":0.005435266208775113,"_step":1,"_runtime":137,"m_static/F1_Mean":0.2763341298074722,"m_dynamic/Brier_SD":0.006563269848741847,"m_dynamic/F1_Mean":0.1755187000246935,"m_dynamic/AUC_Mean":0.7246414332661184,"m_static/AUC_SD":0.004862574580192572,"m_static/Brier_SD":0.005381436528156383,"m_static/AUC_Mean":0.7297286032945189,"m_static/Brier_Mean":0.13171767225754893,"m_dynamic/AUC_SD":0.0028391345663839112,"m_dynamic/F1_SD":0.004109429694520512,"_wandb":{"runtime":137},"_timestamp":1.7803009615819263e+09}